{
  "generator-angular-fullstack": {
    "generatorVersion": "3.5.0",
    "endpointDirectory": "server/api/",
    "insertRoutes": true,
    "registerRoutesFile": "server/routes.js",
    "routesNeedle": "// Insert routes below",
    "routesBase": "/api/",
    "pluralizeRoutes": true,
    "insertSockets": true,
    "registerSocketsFile": "server/config/socketio.js",
    "socketsNeedle": "// Insert sockets below",
    "insertModels": true,
    "registerModelsFile": "server/sqldb/index.js",
    "modelsNeedle": "// Insert models below",
    "filters": {
      "js": true,
      "babel": true,
      "jade": true,
      "sass": true,
      "uirouter": true,
      "bootstrap": true,
      "uibootstrap": true,
      "auth": true,
      "models": true,
      "sequelizeModels": true,
      "sequelize": true,
      "oauth": true,
      "googleAuth": true,
      "facebookAuth": true,
      "twitterAuth": true,
      "grunt": true,
      "jasmine": true,
      "mocha": false,
      "should": false,
      "expect": false
    }
  },
  "generator-ng-component": {
    "routeDirectory": "client/app/",
    "directiveDirectory": "client/app/",
    "componentDirectory": "app/components/",
    "filterDirectory": "client/app/",
    "serviceDirectory": "client/app/",
    "basePath": "client",
    "moduleName": "",
    "modulePrompt": true,
    "filters": [
      "uirouter",
      "jasmine",
      "uirouter",
      "es6"
    ],
    "extensions": [
      "babel",
      "js",
      "jade",
      "scss"
    ],
    "directiveSimpleTemplates": "",
    "directiveComplexTemplates": "",
    "filterTemplates": "",
    "serviceTemplates": "",
    "factoryTemplates": "",
    "controllerTemplates": "",
    "componentTemplates": "",
    "decoratorTemplates": "",
    "providerTemplates": "",
    "routeTemplates": ""
  }
}